[{"domain": ".medium.com", "expiry": 1739089811, "httpOnly": false, "name": "_ga", "path": "/", "sameSite": "Lax", "secure": false, "value": "GA1.1.477003499.1704529811"}, {"domain": ".medium.com", "expiry": 1739089811, "httpOnly": false, "name": "_ga_7JY7T788PK", "path": "/", "sameSite": "Lax", "secure": false, "value": "GS1.1.1704529811.1.0.1704529811.0.0.0"}, {"domain": "medium.com", "expiry": 1704530720, "httpOnly": false, "name": "_dd_s", "path": "/", "sameSite": "Strict", "secure": false, "value": "rum=0&expire=1704530720526"}, {"domain": ".medium.com", "expiry": 1739089810, "httpOnly": true, "name": "sid", "path": "/", "sameSite": "None", "secure": true, "value": "1:I1/P5kNDGPeudlYcYWH8ChNPAJNIRonnoJO4NEjHGH85mzsWc9clLHFTtCuwcQtA"}, {"domain": ".medium.com", "expiry": 1739089810, "httpOnly": true, "name": "uid", "path": "/", "sameSite": "None", "secure": true, "value": "lo_39313ee76968"}]